930670286,The Carolyn E. Wylie Center
330764874,Kids Rock Free School of Music and Museum Foundation
952287250,Community Connect
951803694,Family Service Association
330265253,Riverside County Child Care Consortium
951742174,United Way of the Inland Valleys
330894236,Smart Riverside
201647743,"Inspire Life Skills Training, Inc."
952833715,MFI Recovery Center
330326090,Operation SafeHouse
330288930,Habitat For Humanity Riverside Inc.
951458062,Mary Roberts Pet Adoption Center
330294311,Riverside Land Conservancy
330748536,The Community Foundation
956006198,Casa Blanca Home of Neighborly Service
952225798,Lutheran Social Services of Southern California
951907771,The Arc of Riverside County
951904692,Riverside Art Museum
330036556,MakeAWish Orange County & Inland Empire
Youngliferiverside,Riverside Young Life CA57
956096638,"Riverside County Philharmonic Association, Inc."
330617090,Riverside Dickens Festival
951644004,GUMBO Homeless Ministry
952993847,Riverside Community College District
330023938,Janet Goeske Foundation
956187083,Boys & Girls Clubs
330468093,Riverside Housing Development Corporation
800450244,Christmas Trees of Hope
951641973,Visiting Nurse Association of Inland Counties (VNAIC)
950642985,Community Settlement Association
953353854,California Riverside Ballet
954538450,Special Olympics Southern California  Inland Empire
956124556,Inland Counties Legal Services
263809136,Child Leader Project
330102667,Inland Empire Latino Lawyers Association
263480204,Immanuel House
330341665,Foothills Aids Project
237058717,Inland Agency
330716808,Walter's Children's Charity Classic
951690961,Arlington Temporary Assistance
953516461,Catholic Charities San Bernardino/Riverside
952394523,Assistance League of Riverside
951744350,California Inland Empire CouncilBoy Scouts of America
202732382,The Epilepsy Center
237276444,Riverside Community Health Foundation
952877102,Olive Crest
260698976,Fox Riverside Theater Foundation
953212844,Alternatives to Domestic Violence
953265946,Riverside Arts Council
330901347,Latino Network/Cesar E. Chavez Memorial
411778615,Greater Riverside Dollars for Scholars
113831312,U.S. Green Building CoucilInland Empire Chapter
330233533,Alpha Adoption Centers
330374018,Riverside County Regional Medical Center Foundation
330494002,"Blindness Support Services, Inc"
208425786,The 100 Mile Club
330900035,"Riverside African American Historical Society, Inc."
951644053,YMCA of Riverside City & County
330533809,"Fair Housing Council of Riverside County, Inc."
330585854,Riverside Educational Enrichment Foundation
264736425,Smooth Transition
330885478,The Unforgetables Foundation
330951216,"Michelle's Place, Breast Cancer Resource Center"
582672644,Music Changing Lives
900455003,"Starting Over, Inc"
956090837,Riverside Children's Theatre
330724945,Path of Life Ministries
953539447,March Field Air Museum
956105665,Riverside Museum Associates
330517032,Friends of CSDR
330738512,Riverside Life Services
Naacp-Riverside-Branch-Youth,NAACP Riverside Branch
953537221,Blue Start Regiment Instrumental Music Assoc.
237126387,International Relations Council of Riverside
952017219,"The Junior League of Riverside, Inc"
330413124,Riverside Community Arts Association
953739865,Public Service Law Corporation of the Riverside County Bar Association
330943599,Riverside Youth Theatre
261542065,Riverside Community Services Foundation
830508431,"Restoring Hope Community Services, Inc."
330780130,Riverside Public Library Foundation
330480298,Inland Congregations United for Change
330460833,Inland Caregiver Resource Center
270586882,Inlandia Institute
953406983,Madison Street CDC
330413730,La Sierra University
330052153,Poly Marching Band
330681511,Homeaid Inland Empire
204071112,Kiwanis Club of Uptown Riverside
330060987,So Ca Tri Counties Brand Internationsl Dyslexia Association
330464739,Independent Living Partnership
263660157,Foster Advocates Caring Together Riverside
953293901,Roman Catholic Bishop of San Bernardino Diocese
American-Red-Cross-Inland-Empire,American Red Cross Riverside County Chapter
